product_name,brand,category,platform,price,date
Samsung 253L Refrigerator,Samsung,Refrigerator,Amazon,28999,2026-01-01
Samsung 253L Refrigerator,Samsung,Refrigerator,Amazon,28499,2026-01-08
Samsung 253L Refrigerator,Samsung,Refrigerator,Amazon,27999,2026-01-15
Samsung 253L Refrigerator,Samsung,Refrigerator,Amazon,28999,2026-01-22
Samsung 253L Refrigerator,Samsung,Refrigerator,Flipkart,27999,2026-01-01
Samsung 253L Refrigerator,Samsung,Refrigerator,Flipkart,27499,2026-01-08
Samsung 253L Refrigerator,Samsung,Refrigerator,Flipkart,26999,2026-01-15
Samsung 253L Refrigerator,Samsung,Refrigerator,Flipkart,27499,2026-01-22
Samsung 253L Refrigerator,Samsung,Refrigerator,Croma,29499,2026-01-01
Samsung 253L Refrigerator,Samsung,Refrigerator,Croma,28999,2026-01-08
Samsung 253L Refrigerator,Samsung,Refrigerator,Croma,28499,2026-01-15
Samsung 253L Refrigerator,Samsung,Refrigerator,Croma,28999,2026-01-22